"var_fasta_path","genbank_path","ref_amplicon","cds_fragment","amplicon_strand","cds_strand","cds_num","codons_spanned","gene_name","locus","phenotype","out_path","sgrna_seq","fq_path"
"/home/neil/Desktop/Indels/NK01_DR5_D1_326040w_NE3_CRISPR_variants.seq","/home/neil/Desktop/Indels/Refs/TNFRSF10B.gb","ATGCCCATCCCTGCTTTGTCCCCACAGGTCTCAGCTGAGTCTGCTCTGATCACCCAACAAGACCTAGCTCCCCAGCAGAGAGCGGCCCCACAACAAAAGAGGTCCAGCCCCTCAGAGGGATTGTGTCCACCTGGTATGTTCAAGATGGGTCTCTAATCCTTGCCCCTCCTCCCCTTGTCTCCATGAGCTTCCAGTCTGTTTCC","GTCTCAGCTGAGTCTGCTCTGATCACCCAACAAGACCTAGCTCCCCAGCAGAGAGCGGCCCCACAACAAAAGAGGTCCAGCCCCTCAGAGGGATTGTGTCCACCT","+","+",1,1,"TNFRSF10B","D1",,"/home/neil/Desktop/Indels/Out/TNFRSF10B_D1","AGGTGGACACAATCCCTCTG","/home/neil/Desktop/Indel_FQ/NK01_DR5_D1_326040w_NE3.fastq"
"/home/neil/Desktop/Indels/NK02_TRAIL_D1_326040w_NE4_CRISPR_variants.seq","/home/neil/Desktop/Indels/Refs/TNFSF10.gb","TCGAAAGTATGTTTGGGAATAGATGTAGTAAAACCCTTTTTCATGGATGACCAGTTCACCATTCCTCAAGTGCAAGTTGCTCAGGAATGAATGCCCACTCCTTGATGATTCCCAGGAGTTTATTTTGCGGCCCAGAGCCTTTTCATTCTTGGAGTCTGTAGGAAATTTAGAGAGAAAGAGCGTTAACAGAAGGGAATTTGTAGCAAAGCAAGGAGCT","TCGAAAGTATGTTTGGGAATAGATGTAGTAAAACCCTTTTTCATGGATGACCAGTTCACCATTCCTCAAGTGCAAGTTGCTCAGGAATGAATGCCCACTCCTTGATGATTCCCAGGAGTTTATTTTGCGGCCCAGAGCCTTTTCATTCTTGGAGT","-","-",1,1,"TNFSF10","D1",,"/home/neil/Desktop/Indels/Out/TNFSF10_D1","CCTGGGAATCATCAAGGAGT","/home/neil/Desktop/Indel_FQ/NK02_TRAIL_D1_326040w_NE4.fastq"
"/home/neil/Desktop/Indels/NK03_UFM1_D1_326040w_NE5_CRISPR_variants.seq","/home/neil/Desktop/Indels/Refs/UFM1.gb","AGGAAGTCGTGCTACCCCCGCGGAGTTGTCGTGTGTTCTGGATTCATTCCGGCACCACCATGTAAGTGTTTGCTTACCGACTGCCATAATTCCTGGTCCAGCTGCCCGACCCTGACTCTCTCCCGCTCTTTTCCTCAGGTCGAAGGTTTCCTTTAAGATCACGCTGACGTCGGACCCACGGCTGCCGTACAAAGTGTGAGTAGCTCGGC","GTCGAAGGTTTCCTTTAAGATCACGCTGACGTCGGACCCACGGCTGCCGTACAAAGT","+","+",1,1,"UFM1","D1",,"/home/neil/Desktop/Indels/Out/UFM1_D1","ACACTTTGTACGGCAGCCGT","/home/neil/Desktop/Indel_FQ/NK03_UFM1_D1_326040w_NE5.fastq"
"/home/neil/Desktop/Indels/NK04_UFM1_D2_326040w_NE6_CRISPR_variants.seq","/home/neil/Desktop/Indels/Refs/UFM1.gb","TTGCTTACCGACTGCCATAATTCCTGGTCCAGCTGCCCGACCCTGACTCTCTCCCGCTCTTTTCCTCAGGTCGAAGGTTTCCTTTAAGATCACGCTGACGTCGGACCCACGGCTGCCGTACAAAGTGTGAGTAGCTCGGCCGAGATGGGCCTTTTGGGGCCGGACAAGACGGGGCTGGGTTGGGGATGATCCGAGCTTTTCCAACAACTACCCCACGCAGTCTTCATCTCTTCACTTCATCT","GTCGAAGGTTTCCTTTAAGATCACGCTGACGTCGGACCCACGGCTGCCGTACAAAGT","+","+",1,1,"UFM1","D2",,"/home/neil/Desktop/Indels/Out/UFM1_D2","CTTTAAGATCACGCTGACGT","/home/neil/Desktop/Indel_FQ/NK04_UFM1_D2_326040w_NE6.fastq"
"/home/neil/Desktop/Indels/NK05_DDRGK1_D1_326040w_NE7_CRISPR_variants.seq","/home/neil/Desktop/Indels/Refs/DDRGK1.gb","CAAACACCAGCCCAGCAGGCAACAAGCCCTCAGTCTGCCTTAGGGAAAAAGGAAGGCAGTGCCCTTTCGCACTTCCCAGAGCTGCACCCCATCCCTCCGGCTTGCCTCACGCTGGGCCTTTCGCGCTTGTTTCTCCTCCAGCTTCCGCAGTTTCTTAGCTCCAATTTTCCCCGACAGGTGAGTTTCCGCTGGCTTCTCGACACCTTCCTCCTC","GAGGAGGAAGGTGTCGAGAAGCCAGCGGAAACTCACCTGTCGGGGAAAATTGGAGCTAAGAAACTGCGGAAGCTGGAGGAGAAACAAGCGCGAAAGGCCCAGCGTGAG","-","+",1,1,"DDRGK1","D1",,"/home/neil/Desktop/Indels/Out/DDRGK1_D1","AAATTGGAGCTAAGAAACTG","/home/neil/Desktop/Indel_FQ/NK05_DDRGK1_D1_326040w_NE7.fastq"
"/home/neil/Desktop/Indels/NK06_DDRGK1_D2_326040w_NE8_CRISPR_variants.seq","/home/neil/Desktop/Indels/Refs/DDRGK1.gb","CTATGTCCACAGGAGGAGGAGGAGAGGAAGGCCCGCGAGGAGCAGGCCCAGCGGGAGCATGAGGAGTACCTGAAACTGAAGGAGGCCTTTGTGGTGGAGGAGGAAGGCGTAGGAGAGACCATGACTGAGGAACAGGTGGGCCTGCTGCCCCTGGGAAGCCCCTCTCTGCACCCATCAGTGCAGCCTGTGCCAGACGCAAGGCTAGCCA","GAGGAGGAGGAGAGGAAGGCCCGCGAGGAGCAGGCCCAGCGGGAGCATGAGGAGTACCTGAAACTGAAGGAGGCCTTTGTGGTGGAGGAGGAAGGCGTAGGAGAGACCATGACTGAGGAACAG","+","+",1,1,"DDRGK1","D2",,"/home/neil/Desktop/Indels/Out/DDRGK1_D2","GGAGTACCTGAAACTGAAGG","/home/neil/Desktop/Indel_FQ/NK06_DDRGK1_D2_326040w_NE8.fastq"
"/home/neil/Desktop/Indels/NK07_JAGN1_D1_326040w_NE9_CRISPR_variants.seq","/home/neil/Desktop/Indels/Refs/JAGN1.gb","CATGCCCTATCAGTGGGAATACCCGTATTTGCTGAGCATTTTGCCCTCTCTCTTGGGCCTTCTCTCCTTTCCCCGCAACAACATTAGCTACCTGGTGCTCTCCATGATCAGCATGGGACTCTTTTCCATCGCTCCACTCATTTATGGCAGCATGGAGATGTTCCCTGCTGCACAGCAGCTCTACCGCCATGGCAAGGCCTACCGTTTCCTCTTTGGTT","CATGCCCTATCAGTGGGAATACCCGTATTTGCTGAGCATTTTGCCCTCTCTCTTGGGCCTTCTCTCCTTTCCCCGCAACAACATTAGCTACCTGGTGCTCTCCATGATCAGCATGGGACTCTTTTCCATCGCTCCACTCATTTATGGCAGCATGGAGATGTTCCCTGCTGCACAGCAGCTCTACCGCCATGGCAAGGCCTACCGTTTCCTCTTTGGTT","+","+",1,1,"JAGN1","D1",,"/home/neil/Desktop/Indels/Out/JAGN1_D1","AGGTAGCTAATGTTGTTGCG","/home/neil/Desktop/Indel_FQ/NK07_JAGN1_D1_326040w_NE9.fastq"
"/home/neil/Desktop/Indels/NK08_JAGN1_D2_326040w_NE10_CRISPR_variants.seq","/home/neil/Desktop/Indels/Refs/JAGN1.gb","TCTGGGCAGGCACAATGGCGTCTCGAGCAGGCCCGCGAGCGGCCGGCACCGACGGCAGCGACTTTCAGCACCGGGAGCGCGTCGCCATGCACTACCAGATGAGGTATGAAGTGAGGCGAGGAGCACGGAGGCTTTCTCCCCCGCTGGAGCCTGCGGGGCTTGGGGAGCGACGCCGGCCCGGCCTCAGGGTCTTGCTCCCCAGCCAGCCCCCGCTCACCTGCCAAGTCCC","ATGGCGTCTCGAGCAGGCCCGCGAGCGGCCGGCACCGACGGCAGCGACTTTCAGCACCGGGAGCGCGTCGCCATGCACTACCAGATGAG","+","+",1,1,"JAGN1","D2",,"/home/neil/Desktop/Indels/Out/JAGN1_D2","TCGCCATGCACTACCAGATG","/home/neil/Desktop/Indel_FQ/NK08_JAGN1_D2_326040w_NE10.fastq"
"/home/neil/Desktop/Indels/NK09_CXCR4_D1_326040w_NE11_CRISPR_variants.seq","/home/neil/Desktop/Indels/Refs/CXCR4_IsoA.gb","AGGAAGCTGTTGGCTGAAAAGGTGGTCTATGTTGGCGTCTGGATCCCTGCCCTCCTGCTGACTATTCCCGACTTCATCTTTGCCAACGTCAGTGAGGCAGATGACAGATATATCTGTGACCGCTTCTACCCCAATGACTTGTGGGTGGTTGTGTTCCAGTTTCAGCACATCATGGTTGGCCTTATCCTGCCTGGTATTGTCA","AGGAAGCTGTTGGCTGAAAAGGTGGTCTATGTTGGCGTCTGGATCCCTGCCCTCCTGCTGACTATTCCCGACTTCATCTTTGCCAACGTCAGTGAGGCAGATGACAGATATATCTGTGACCGCTTCTACCCCAATGACTTGTGGGTGGTTGTGTTCCAGTTTCAGCACATCATGGTTGGCCTTATCCTGCCTGGTATTGTCA","+","+",1,1,"CXCR4","D1",,"/home/neil/Desktop/Indels/Out/CXCR4_D1","CATCTTTGCCAACGTCAGTG","/home/neil/Desktop/Indel_FQ/NK09_CXCR4_D1_326040w_NE11.fastq"
"/home/neil/Desktop/Indels/NK10_CXCR4_D2_326040w_NE12_CRISPR_variants.seq","/home/neil/Desktop/Indels/Refs/CXCR4_IsoA.gb","TGTCCATTCCTTTGCCTCTTTTGCAGATATACACTTCAGATAACTACACCGAGGAAATGGGCTCAGGGGACTATGACTCCATGAAGGAACCCTGTTTCCGTGAAGAAAATGCTAATTTCAATAAAATCTTCCTGCCCACCATCTACTCCATCATCTTCTTAACTGGCATTGTGGGCAATGGATTGGTCATCCTGGTCATGG","TGTCCATTCCTTTGCCTCTTTTGCAGATATACACTTCAGATAACTACACCGAGGAAATGGGCTCAGGGGACTATGACTCCATGAAGGAACCCTGTTTCCGTGAAGAAAATGCTAATTTCAATAAAATCTTCCTGCCCACCATCTACTCCATCATCTTCTTAACTGGCATTGTGGGCAATGGATTGGTCATCCTGGTCATGG","+","+",1,1,"CXCR4","D2",,"/home/neil/Desktop/Indels/Out/CXCR4_D2","ACACCGAGGAAATGGGCTCA","/home/neil/Desktop/Indel_FQ/NK10_CXCR4_D2_326040w_NE12.fastq"
"/home/neil/Desktop/Indels/NK11_UGDH_D1_326040w_NF1_CRISPR_variants.seq","/home/neil/Desktop/Indels/Refs/UGDH.gb","ACCATGCCCTTTAACAAATGTAATTCTATACTATTAGGTTATCTCATATCACTGGCAAGCTATATGTACAATTCCTTTTCTTTTTTCTTTTTAGCCAGGACTAAAAGAAGTGGTAGAATCCTGTCGAGGAAAAAATCTTTTTTTTTCTACCAATATTGATGATGCCATCAAAGAAGCTGATCTTGT","CCAGGACTAAAAGAAGTGGTAGAATCCTGTCGAGGAAAAAATCTTTTTTTTTCTACCAATATTGATGATGCCATCAAAGAAGCTGATCTTGT","+","+",1,1,"UGDH","D1",,"/home/neil/Desktop/Indels/Out/UGDH_D1","GAAGTGGTAGAATCCTGTCG","/home/neil/Desktop/Indel_FQ/NK11_UGDH_D1_326040w_NF1.fastq"
"/home/neil/Desktop/Indels/NK12_UGDH_D2_326040w_NF2_CRISPR_variants.seq","/home/neil/Desktop/Indels/Refs/UGDH.gb","TCTGAGTAATGTGTGTCATAGGCTGTGCCTCTTTTAACTAATCATTGCACAATTGTACATGTAATTTCAGGTCATAGACATGAATGACTACCAGAGGAGGAGGTTTGCTTCCCGGATCATAGATAGTCTGTTTAATACAGTAACTGATAAGAAGATAGCTATTTTGGGATTTGCATTCAAAAAGGACACTGGTGATACAAGG","GTCATAGACATGAATGACTACCAGAGGAGGAGGTTTGCTTCCCGGATCATAGATAGTCTGTTTAATACAGTAACTGATAAGAAGATAGCTATTTTGGGATTTGCATTCAAAAAGGACACTGGTGATACAAG","+","+",1,1,"UGDH","D2",,"/home/neil/Desktop/Indels/Out/UGDH_D2","TAGACATGAATGACTACCAG","/home/neil/Desktop/Indel_FQ/NK12_UGDH_D2_326040w_NF2.fastq"
"/home/neil/Desktop/Indels/NK014_CHST15_D1_Repeat_326520w_ND9_CRISPR_variants.seq","/home/neil/Desktop/Indels/Refs/CHST15.gb","CCTGCTCACTTGGAGTGTTTTCTGTTTCCAGGGGAGGCCAGTGCCTCCACGATGTGGGATAATAATGCCTGGACGTTCTTCTACGACAACAGCACGGATGGCGAGCCACCGTTTCTGACGCAGGACTTCATCCACGCCTTTCAGCCAAATGCCAGACTGATTGTCATGCTCAGGGACCCTGTGGAGAGGTGAGCAGTTTC","GGGAGGCCAGTGCCTCCACGATGTGGGATAATAATGCCTGGACGTTCTTCTACGACAACAGCACGGATGGCGAGCCACCGTTTCTGACGCAGGACTTCATCCACGCCTTTCAGCCAAATGCCAGACTGATTGTCATGCTCAGGGACCCTGTGGAGAG","+","+",1,1,"CHST15","D2",,"/home/neil/Desktop/Indels/Out/CHST15_D1","GGCATTATTATCCCACATCG","/home/neil/Desktop/Indel_FQ/NK014_CHST15_D1_Repeat_326520w_ND9.fastq"
"/home/neil/Desktop/Indels/NK015_CHST15_D2_Repeat_326520w_ND10_CRISPR_variants.seq","/home/neil/Desktop/Indels/Refs/CHST15.gb","TCCTACGTGCTCTACTCCAAGCGCTTCCGCTCCACCTTCGACGCCCTGCGCAAGGCCTTCTGGGGCCACCTGGCGCACGCGCACGGGAAGCACTTCCGCCTGCGCTGCCTGCCGCACTTCTACATCATAGGGCAGCCCAAGTGCGGGACCACAGACCTCTATGACCGCCTGCGGCTGCACCCTGAGGTCAAGTTCTCCGCCATCAAG","TCCTACGTGCTCTACTCCAAGCGCTTCCGCTCCACCTTCGACGCCCTGCGCAAGGCCTTCTGGGGCCACCTGGCGCACGCGCACGGGAAGCACTTCCGCCTGCGCTGCCTGCCGCACTTCTACATCATAGGGCAGCCCAAGTGCGGGACCACAGACCTCTATGACCGCCTGCGGCTGCACCCTGAGGTCAAGTTCTCCGCCATCAAG","+","+",1,1,"CHST15","D1",,"/home/neil/Desktop/Indels/Out/CHST15_D2","TGCCCTATGATGTAGAAGTG","/home/neil/Desktop/Indel_FQ/NK015_CHST15_D2_Repeat_326520w_ND10.fastq"
